OpenClaw 官方文档	OpenClaw 官方文档	https://docs.openclaw.ai
OpenClaw 官方博客	OpenClaw 官方博客	https://openclaw.ai/blog
OpenClaw 101	OpenClaw 101	https://openclaw101.dev
OpenClaw 中文文档	OpenClaw 中文文档	https://holtchas.github.io/openclaw-docs-zh
灵缇 OpenClaw 中文站	灵缇 OpenClaw 中文站	https://code.lingti.com/clawdbot
Shuwoom 架构分析	Shuwoom 架构分析	https://shuwoom.com
DataCamp 教程	DataCamp 教程	https://www.datacamp.com/tutorial/moltbot-clawdbot-tutorial
Cursor Directory	Cursor Directory	https://cursor.directory
Reddit r/MCP	Reddit r/MCP	https://www.reddit.com/r/mcp
MCP 导航站	MCP 导航站	https://mcpzone.org
mcp.run	mcp.run	https://mcp.run
Claude Skills API文档	Claude Skills API文档	https://code.claude.com/docs/zh-CN/skills#%E9%85%8D%E7%BD%AE-skills
Claude Marketplaces	Claude Marketplaces	https://claudemarketplaces.com
PromptVine	PromptVine	https://www.promptvine.com
Prompt Engineering Guide	Prompt Engineering Guide	https://www.promptingguide.ai
PromptGenius	PromptGenius	https://promptgenius.ai
AiShort（快捷指令）	AiShort（快捷指令）	https://www.aishort.top
Anthropic Prompt Library	Anthropic Prompt Library	https://docs.anthropic.com/claude/prompt-library
PromptoMANIA	PromptoMANIA	https://promptomania.com
Lexica	Lexica	https://lexica.art
Krea.ai	Krea.ai	https://krea.ai
文心一言	文心一言	https://yiyan.baidu.com
通义千问	通义千问	https://tongyi.aliyun.com
Gemini	Gemini	https://gemini.google.com
豆包	豆包	https://www.doubao.com
Midjourney	Midjourney	https://www.midjourney.com
绘蛙	绘蛙	https://www.huiwa.ai
堆友AI	堆友AI	https://www.duiyou.com
即梦	即梦	https://www.jimeng.ai
堆友AI反应堆	堆友AI反应堆	https://www.duiyou.com/ai
阿贝智能	阿贝智能	https://www.abei.ai
Civitai	Civitai	https://www.civitai.com
司吐司AI	司吐司AI	https://www.situsi.ai
造点AI	造点AI	https://www.zaodian.ai
RunningHub	RunningHub	https://www.runninghub.com
通义万相	通义万相	https://www.tongyi.com/wanxiang
可灵AI	可灵AI	https://www.keling.ai
秒画	秒画	https://www.miaohua.ai
呜哩	呜哩	https://www.wuli.ai
秒绘AI	秒绘AI	https://www.miaohuiai.com
妙话AI	妙话AI	https://www.miaohuaai.com
炉米Lumi	炉米Lumi	https://www.lumi.ai
Krea AI	Krea AI	https://www.krea.ai
Kira	Kira	https://www.kira.ai
Photoroom	Photoroom	https://www.photoroom.com
悟空图像	悟空图像	https://www.wukong.com
360智图	360智图	https://www.360.com/zhitu
Runway Gen-2	Runway Gen-2	https://runwayml.com
Synthesia	Synthesia	https://www.synthesia.io
Luma AI	Luma AI	https://lumalabs.ai
Luma Dream	Luma Dream	https://lumalabs.ai/dream-machine
即梦AI	即梦AI	https://www.jimeng.ai/video
绘蛙AI视频	绘蛙AI视频	https://www.huiwa.ai/video
Vidu	Vidu	https://www.vidu.ai
堆友AI视频	堆友AI视频	https://www.duiyou.com/video
SoundView	SoundView	https://www.soundview.com
白日梦	白日梦	https://www.bairimeng.com
Pollo AI	Pollo AI	https://www.pollo.ai
有言	有言	https://www.youyan.com
HeyGen	HeyGen	https://www.heygen.com
蝉镜	蝉镜	https://www.chanjing.com
魔珐星云	魔珐星云	https://www.mofaxingyun.com
海螺视频	海螺视频	https://www.hailuo.com
Keevx	Keevx	https://www.keevx.com
JoyPix	JoyPix	https://www.joypix.com
献丑AI	献丑AI	https://www.xianchou.ai
NextCut AI	NextCut AI	https://www.nextcut.ai
通义万相AI视频	通义万相AI视频	https://www.tongyi.com/wanxiang/video
雾象	雾象	https://www.wuxiang.com
造次	造次	https://www.zaoci.com
云幕同声	云幕同声	https://www.yunmutongsheng.com
萌动!	萌动!	https://www.mengdong.com
Higgsfield	Higgsfield	https://www.higgsfield.com
蛙蛙写作	蛙蛙写作	https://www.wawaxiezuo.com
讯飞绘文	讯飞绘文	https://www.xfyun.cn
笔灵AI写作	笔灵AI写作	https://www.bilingai.com
新华妙笔	新华妙笔	https://www.xinhua-miaobi.com
笔灵AI小说	笔灵AI小说	https://www.bilingai.com/novel
稿易AI论文	稿易AI论文	https://www.gaoyiai.com
66AI论文	66AI论文	https://www.66ai.com
沁言学术	沁言学术	https://www.qinyan.com
茅茅虫	茅茅虫	https://www.maomaochong.com
GetDraft	GetDraft	https://www.getdraft.ai
光速写作	光速写作	https://www.guangsuxiezuo.com
YouMind	YouMind	https://www.youmind.ai
万能小in	万能小in	https://www.wannengxiaoin.com
Loomi	Loomi	https://www.loomi.ai
落笔AI写作	落笔AI写作	https://www.luobiai.com
小鱼AI写作	小鱼AI写作	https://www.xiaoyuai.com
量子探险	量子探险	https://www.quantumexplore.com
社研通	社研通	https://www.sheyan.com
Rubriq	Rubriq	https://www.rubriq.com
CodeLlama	CodeLlama	https://ai.meta.com/codellama/
v0.dev	v0.dev	https://v0.dev
讯飞听见	讯飞听见	https://www.iflyrec.com
Descript	Descript	https://www.descript.com
Krisp	Krisp	https://krisp.ai
RapidMiner	RapidMiner	https://rapidminer.com
Power BI GPT	Power BI GPT	https://powerbi.microsoft.com/zh-cn/features/gpt/
LangChain	LangChain	https://www.langchain.com
Notion AI	Notion AI	https://www.notion.so/product/ai
扣子PPT	扣子PPT	https://www.kouzippt.com
咔片PPT	咔片PPT	https://www.kapippt.com
文多多AIPPT	文多多AIPPT	https://www.wenduduo.com/aippt
博思AIPPT	博思AIPPT	https://www.bosiappt.com
办公小浣熊	办公小浣熊	https://www.officexiong.com
OpenAI Content Moderation	OpenAI Content Moderation	https://platform.openai.com/docs/guides/moderation